id,first_name,last_name,email,gender,age
1,Auroora,Northway,anorthway0@eepurl.com,Female,90
2,Cordy,Illiston,cilliston1@pagesperso-orange.fr,Male,73
3,Foster,Domnin,fdomnin2@flavors.me,Male,84
4,Dione,Henighan,dhenighan3@geocities.com,Female,47
5,Pattie,Aysh,paysh4@merriam-webster.com,Male,51
6,Tore,Penhallurick,tpenhallurick5@elpais.com,Male,94
7,Costanza,Shannahan,cshannahan6@addtoany.com,Female,69
8,Shauna,Cram,scram7@pen.io,Female,80
9,Tonya,Tyrie,ttyrie8@bbc.co.uk,Female,68
10,Starr,Flaunier,sflaunier9@uol.com.br,Female,19
11,Ax,McFall,amcfalla@uol.com.br,Male,83
12,Land,Cornier,lcornierb@altervista.org,Male,21
13,Tabbie,Gehringer,tgehringerc@intel.com,Male,28
14,Alys,Sesons,asesonsd@123-reg.co.uk,Female,24
15,Linc,Crosskill,lcrosskille@barnesandnoble.com,Male,96
16,Arlen,Wolledge,awolledgef@huffingtonpost.com,Male,26
17,Cordie,Dreini,cdreinig@umn.edu,Male,34
18,Connie,Stittle,cstittleh@ca.gov,Polygender,88
19,Donna,Gilkison,dgilkisoni@facebook.com,Female,58
20,Delphine,Waplinton,dwaplintonj@irs.gov,Non-binary,68
21,Anallise,McCrainor,amccrainork@salon.com,Female,86
22,Frankie,Cracoe,fcracoel@nps.gov,Female,91
23,Jaine,Lacoste,jlacostem@europa.eu,Female,99
24,Drusie,Weston,dwestonn@blogger.com,Female,38
25,Alvera,Cartwright,acartwrighto@intel.com,Female,68
26,Pascale,Haworth,phaworthp@cam.ac.uk,Male,55
27,Carmina,Manueau,cmanueauq@instagram.com,Female,24
28,Jamie,Penni,jpennir@nydailynews.com,Male,82
29,Vladamir,Dwelling,vdwellings@loc.gov,Male,49
30,Ros,Dring,rdringt@purevolume.com,Female,75
31,Jessy,Casewell,jcasewellu@dailymotion.com,Female,99
32,Yehudit,Kerr,ykerrv@usda.gov,Male,19
33,Philipa,Folcarelli,pfolcarelliw@amazon.co.uk,Female,83
34,Pacorro,Westney,pwestneyx@amazon.co.uk,Male,46
35,Pearle,Coon,pcoony@scientificamerican.com,Female,17
36,Janka,Rustan,jrustanz@digg.com,Female,20
37,Anette,Lahrs,alahrs10@sakura.ne.jp,Female,44
38,Elden,Boud,eboud11@cnn.com,Male,89
39,Yvonne,Ayllett,yayllett12@wordpress.org,Female,33
40,Jacques,Barby,jbarby13@hostgator.com,Male,20
41,Jard,Willarton,jwillarton14@usgs.gov,Male,46
42,Buckie,Gouly,bgouly15@wordpress.com,Male,81
43,Raphael,Buske,rbuske16@51.la,Male,42
44,Annelise,Burgwin,aburgwin17@lycos.com,Female,78
45,Jedidiah,Oldroyde,joldroyde18@feedburner.com,Male,15
46,Petey,Lonergan,plonergan19@intel.com,Male,22
47,Kenny,Deetch,kdeetch1a@nhs.uk,Male,17
48,Miran,Carine,mcarine1b@sogou.com,Female,97
49,Dev,Dawson,ddawson1c@amazon.co.jp,Non-binary,74
50,Anne-marie,Eady,aeady1d@va.gov,Genderqueer,18
51,Rosabelle,Mahony,rmahony1e@ehow.com,Female,41
52,Iolande,Innman,iinnman1f@typepad.com,Female,64
53,Teodor,Lewson,tlewson1g@howstuffworks.com,Polygender,24
54,Valentijn,St Louis,vstlouis1h@who.int,Male,11
55,Bebe,Sartin,bsartin1i@last.fm,Female,51
56,Darrel,Goncalo,dgoncalo1j@ning.com,Male,64
57,Gonzalo,Thrussell,gthrussell1k@indiegogo.com,Male,91
58,Emile,Sunock,esunock1l@loc.gov,Male,95
59,Joe,Episcopi,jepiscopi1m@bravesites.com,Male,84
60,Brett,Pie,bpie1n@de.vu,Female,76
61,Brady,Wibrow,bwibrow1o@narod.ru,Male,64
62,Husein,Fackney,hfackney1p@edublogs.org,Male,12
63,Halley,O'Sculley,hosculley1q@google.com.hk,Female,50
64,Norene,Questier,nquestier1r@icq.com,Agender,56
65,Rosemaria,Haydock,rhaydock1s@thetimes.co.uk,Genderqueer,32
66,Tandie,Russilll,trussilll1t@multiply.com,Female,97
67,Helli,Francomb,hfrancomb1u@home.pl,Female,35
68,Aarika,Haysman,ahaysman1v@plala.or.jp,Genderfluid,64
69,Mandi,Albasiny,malbasiny1w@oakley.com,Female,64
70,Kim,Dot,kdot1x@ed.gov,Male,90
71,Antonio,Feldberger,afeldberger1y@ning.com,Male,58
72,Janice,Dendon,jdendon1z@mysql.com,Female,60
73,Franciskus,Lantiffe,flantiffe20@sitemeter.com,Male,20
74,Matty,Kale,mkale21@pcworld.com,Male,27
75,Cathleen,Cork,ccork22@uiuc.edu,Female,24
76,Corbin,Bellows,cbellows23@mashable.com,Male,96
77,Constancia,McEllen,cmcellen24@youtu.be,Female,68
78,Roderich,Coie,rcoie25@360.cn,Male,62
79,Jade,Coyle,jcoyle26@nsw.gov.au,Female,80
80,Nikolia,Lutzmann,nlutzmann27@shinystat.com,Female,67
81,Lorraine,McNabb,lmcnabb28@hhs.gov,Female,71
82,Gilburt,Davidde,gdavidde29@weibo.com,Male,15
83,Rosemarie,Winterton,rwinterton2a@weibo.com,Female,46
84,Lodovico,Iffland,liffland2b@purevolume.com,Male,38
85,Ransom,McCarrison,rmccarrison2c@tripod.com,Bigender,53
86,Abigail,Ondrich,aondrich2d@symantec.com,Female,22
87,Frannie,MacSweeney,fmacsweeney2e@unesco.org,Agender,54
88,Billi,Gallienne,bgallienne2f@earthlink.net,Agender,40
89,Melitta,Cleall,mcleall2g@acquirethisname.com,Female,91
90,Glendon,Kelly,gkelly2h@statcounter.com,Non-binary,25
91,Bram,Bushaway,bbushaway2i@goo.ne.jp,Male,75
92,Bale,Le Pruvost,blepruvost2j@dailymail.co.uk,Male,44
93,Helen-elizabeth,Wayte,hwayte2k@engadget.com,Female,72
94,Ramona,Stoite,rstoite2l@e-recht24.de,Female,14
95,Mendy,Lenin,mlenin2m@answers.com,Male,53
96,Augustus,Soeiro,asoeiro2n@japanpost.jp,Male,99
97,Jessey,Lefeuvre,jlefeuvre2o@printfriendly.com,Male,15
98,Gilemette,Cordeux,gcordeux2p@behance.net,Female,31
99,Nester,O'Nolan,nonolan2q@163.com,Male,78
100,Diann,Bollom,dbollom2r@uol.com.br,Female,60
101,Norbert,Davidowich,ndavidowich2s@umich.edu,Male,84
102,Vilma,Grishenkov,vgrishenkov2t@foxnews.com,Female,25
103,Rahel,McDermott-Row,rmcdermottrow2u@state.tx.us,Female,45
104,Carver,Tracy,ctracy2v@amazon.com,Male,42
105,Hildegarde,Hubbucke,hhubbucke2w@buzzfeed.com,Female,49
106,Channa,Tichelaar,ctichelaar2x@mashable.com,Genderqueer,87
107,Martita,Spinelli,mspinelli2y@unc.edu,Female,52
108,Beatriz,Nairns,bnairns2z@uiuc.edu,Female,79
109,Nancee,Rookesby,nrookesby30@comsenz.com,Female,17
110,Keven,Eannetta,keannetta31@mediafire.com,Male,24
111,Sterne,Wilstead,swilstead32@live.com,Male,71
112,Eugen,Dugald,edugald33@vinaora.com,Male,88
113,Tobye,Denisovo,tdenisovo34@fc2.com,Female,71
114,Cherri,Swaffield,cswaffield35@4shared.com,Female,20
115,Ailyn,Briiginshaw,abriiginshaw36@deliciousdays.com,Agender,39
116,Calida,Mugg,cmugg37@economist.com,Female,88
117,Gaylor,Walters,gwalters38@delicious.com,Male,63
118,Kingston,Darrigoe,kdarrigoe39@posterous.com,Male,46
119,Sisely,Pitcaithly,spitcaithly3a@is.gd,Female,63
120,Aaren,Umpleby,aumpleby3b@csmonitor.com,Female,33
121,Godart,Trim,gtrim3c@zdnet.com,Male,26
122,Calli,Britch,cbritch3d@theatlantic.com,Female,10
123,Lowrance,Megainey,lmegainey3e@mashable.com,Male,73
124,Stanly,Aykroyd,saykroyd3f@indiegogo.com,Male,40
125,Jamal,Thorp,jthorp3g@google.it,Male,64
126,Hoebart,Beet,hbeet3h@netvibes.com,Male,76
127,Edd,Yearsley,eyearsley3i@umich.edu,Agender,21
128,Betta,Byatt,bbyatt3j@msn.com,Female,23
129,Brita,Nozzolinii,bnozzolinii3k@nytimes.com,Female,11
130,Eydie,Truter,etruter3l@naver.com,Genderqueer,21
131,Celestyna,Klishin,cklishin3m@businessinsider.com,Female,80
132,Cordelia,McCurley,cmccurley3n@admin.ch,Female,24
133,Parke,Powlett,ppowlett3o@ehow.com,Male,45
134,Laughton,Riveles,lriveles3p@rakuten.co.jp,Male,80
135,Nicolas,Doole,ndoole3q@blog.com,Male,91
136,Emiline,Deal,edeal3r@example.com,Female,96
137,Deena,Drayn,ddrayn3s@ucsd.edu,Female,78
138,Clo,Franzen,cfranzen3t@cornell.edu,Female,32
139,Hertha,Milsted,hmilsted3u@imageshack.us,Genderqueer,93
140,Morena,Kubanek,mkubanek3v@bravesites.com,Female,70
141,Sawyer,Bowker,sbowker3w@blog.com,Male,21
142,Bjorn,Leadston,bleadston3x@toplist.cz,Male,59
143,Elicia,Bignall,ebignall3y@sina.com.cn,Female,96
144,Retha,Michie,rmichie3z@desdev.cn,Female,68
145,Jamima,Parnall,jparnall40@ucla.edu,Female,23
146,Barde,Leupold,bleupold41@skype.com,Male,50
147,Hilarius,Polack,hpolack42@google.es,Male,98
148,Luz,Hollingsby,lhollingsby43@senate.gov,Female,16
149,Phedra,Forsyde,pforsyde44@umn.edu,Female,83
150,Wallis,Preshous,wpreshous45@bbc.co.uk,Male,25
151,Jdavie,Timms,jtimms46@booking.com,Male,54
152,Trevar,Scarse,tscarse47@github.io,Male,74
153,Lancelot,Mabey,lmabey48@ycombinator.com,Male,58
154,Josias,Downing,jdowning49@rakuten.co.jp,Male,32
155,Larisa,Quan,lquan4a@twitter.com,Female,12
156,Toddie,Fosse,tfosse4b@ezinearticles.com,Male,65
157,Garvy,Jako,gjako4c@ask.com,Non-binary,42
158,Edwin,Minigo,eminigo4d@nsw.gov.au,Male,55
159,Etan,Lorrimer,elorrimer4e@pbs.org,Male,91
160,Nataniel,Crystal,ncrystal4f@psu.edu,Male,62
161,Fergus,Landy,flandy4g@ft.com,Male,23
162,Mohandis,Vaugham,mvaugham4h@youtube.com,Male,46
163,Pate,Greenless,pgreenless4i@php.net,Male,43
164,Merrie,McGrill,mmcgrill4j@youtube.com,Female,33
165,Orville,Capeloff,ocapeloff4k@skyrock.com,Male,72
166,Beverly,Trevett,btrevett4l@pagesperso-orange.fr,Female,31
167,Caressa,Ivens,civens4m@scientificamerican.com,Female,59
168,Leda,Pescod,lpescod4n@berkeley.edu,Polygender,49
169,Claire,Cholton,ccholton4o@ed.gov,Male,14
170,Kareem,Roslen,kroslen4p@mtv.com,Agender,92
171,Rochette,Mottley,rmottley4q@taobao.com,Female,83
172,Meredith,Margerrison,mmargerrison4r@theatlantic.com,Female,61
173,Nathanil,Eake,neake4s@ucoz.ru,Agender,59
174,Wright,Rizzini,wrizzini4t@themeforest.net,Male,16
175,Benedetta,Vallery,bvallery4u@indiatimes.com,Female,38
176,Joelynn,Domican,jdomican4v@sohu.com,Female,31
177,Templeton,Commins,tcommins4w@bluehost.com,Male,70
178,Zola,Langlands,zlanglands4x@arizona.edu,Genderqueer,67
179,Cacilia,Kitcher,ckitcher4y@hubpages.com,Female,27
180,Robenia,Redfearn,rredfearn4z@tripod.com,Female,71
181,Dal,Scargill,dscargill50@odnoklassniki.ru,Male,50
182,Garvey,Sands-Allan,gsandsallan51@usnews.com,Male,36
183,Colette,Hammon,chammon52@over-blog.com,Female,83
184,Allina,Garret,agarret53@1688.com,Female,88
185,Dori,Culmer,dculmer54@disqus.com,Female,63
186,Monty,Paoletto,mpaoletto55@mashable.com,Bigender,81
187,Farrah,Blunden,fblunden56@topsy.com,Female,15
188,Levin,Code,lcode57@123-reg.co.uk,Genderfluid,64
189,Madelyn,Montes,mmontes58@parallels.com,Female,30
190,Geoffry,Cromarty,gcromarty59@google.cn,Male,13
191,Maurizio,Sevior,msevior5a@nps.gov,Genderfluid,29
192,Terrill,Walkey,twalkey5b@discovery.com,Male,84
193,Reamonn,Bransden,rbransden5c@cmu.edu,Male,37
194,Gregory,Huggan,ghuggan5d@ibm.com,Male,63
195,Julee,Grigoliis,jgrigoliis5e@myspace.com,Genderqueer,21
196,Hannah,Steade,hsteade5f@si.edu,Female,44
197,Teodora,Cottis,tcottis5g@wufoo.com,Female,25
198,Alard,Lindsay,alindsay5h@devhub.com,Male,13
199,Lissie,Wind,lwind5i@usnews.com,Female,12
200,Gusty,Zaniolini,gzaniolini5j@timesonline.co.uk,Female,34
201,Arly,Minchi,aminchi5k@printfriendly.com,Female,99
202,Ingra,Benza,ibenza5l@bbc.co.uk,Male,81
203,Persis,Cameli,pcameli5m@berkeley.edu,Female,96
204,Ainslee,Leisk,aleisk5n@usnews.com,Female,13
205,Carolin,Liddicoat,cliddicoat5o@spotify.com,Female,76
206,Arlin,Lawson,alawson5p@slate.com,Male,96
207,Alexandrina,Perritt,aperritt5q@msn.com,Female,99
208,Lancelot,Burdess,lburdess5r@google.es,Male,83
209,Der,Lean,dlean5s@bandcamp.com,Male,36
210,Toddie,Flintiff,tflintiff5t@sourceforge.net,Male,21
211,Humfried,Bolton,hbolton5u@elegantthemes.com,Male,16
212,Margo,Laxson,mlaxson5v@google.com.au,Female,52
213,Gareth,Sellor,gsellor5w@discuz.net,Male,92
214,Artemas,Manger,amanger5x@barnesandnoble.com,Male,40
215,Sydney,Emanueli,semanueli5y@1und1.de,Male,27
216,Georgia,Cail,gcail5z@chicagotribune.com,Female,80
217,Rollo,Poolman,rpoolman60@fema.gov,Male,74
218,Adina,Peepall,apeepall61@springer.com,Female,53
219,Fredericka,McCobb,fmccobb62@icio.us,Agender,65
220,Robers,Jeacocke,rjeacocke63@hostgator.com,Male,67
221,Linell,Jaquet,ljaquet64@howstuffworks.com,Female,97
222,Veronike,Kneafsey,vkneafsey65@geocities.com,Female,23
223,Lindon,Tomkin,ltomkin66@huffingtonpost.com,Male,19
224,Delora,Haresnaip,dharesnaip67@blog.com,Female,55
225,Quinlan,Izaac,qizaac68@people.com.cn,Non-binary,70
226,Courtnay,Rizziello,crizziello69@flickr.com,Male,25
227,Kain,MacCahee,kmaccahee6a@bandcamp.com,Male,57
228,Lonny,Kinton,lkinton6b@ustream.tv,Male,44
229,Leopold,Schiementz,lschiementz6c@pbs.org,Male,71
230,Cull,Grieveson,cgrieveson6d@hhs.gov,Male,16
231,Ginelle,Lintall,glintall6e@biblegateway.com,Female,26
232,Birk,Osgordby,bosgordby6f@bandcamp.com,Polygender,34
233,Benedetto,Napton,bnapton6g@blogtalkradio.com,Male,85
234,Earvin,McGettrick,emcgettrick6h@newyorker.com,Male,57
235,Noelyn,Rodinger,nrodinger6i@businesswire.com,Female,58
236,Francesco,Hegg,fhegg6j@cbslocal.com,Male,28
237,Elsinore,Swyndley,eswyndley6k@godaddy.com,Genderqueer,10
238,Vickie,Goldhill,vgoldhill6l@multiply.com,Female,64
239,Rosemary,Lackie,rlackie6m@un.org,Female,97
240,Jozef,Cotgrave,jcotgrave6n@nytimes.com,Male,96
241,Nicoline,Dunkirk,ndunkirk6o@loc.gov,Female,49
242,Lucky,Budcock,lbudcock6p@bing.com,Female,79
243,Tim,Kornalik,tkornalik6q@ihg.com,Female,26
244,Madonna,Coppeard,mcoppeard6r@soundcloud.com,Female,62
245,Adelina,Sibthorp,asibthorp6s@csmonitor.com,Female,62
246,Adriana,Heinschke,aheinschke6t@shutterfly.com,Female,18
247,Isaak,Scoullar,iscoullar6u@flickr.com,Male,73
248,Romy,Aberchirder,raberchirder6v@goo.ne.jp,Female,43
249,Osmond,Colliar,ocolliar6w@cdc.gov,Male,91
250,Laura,Speariett,lspeariett6x@blogs.com,Female,27
251,Philipa,Pattenden,ppattenden6y@paginegialle.it,Polygender,37
252,Con,Tedorenko,ctedorenko6z@slate.com,Agender,45
253,Camille,Pashen,cpashen70@ycombinator.com,Female,56
254,Gearalt,Frankom,gfrankom71@weibo.com,Male,88
255,Quillan,Kitteridge,qkitteridge72@opensource.org,Male,10
256,Gordon,Freer,gfreer73@mit.edu,Male,47
257,Melisent,Flear,mflear74@wisc.edu,Female,87
258,Emelyne,Starmore,estarmore75@myspace.com,Female,15
259,Nathanil,Mallindine,nmallindine76@cornell.edu,Male,51
260,Jelene,Frean,jfrean77@state.tx.us,Female,95
261,Griswold,Glassopp,gglassopp78@uol.com.br,Male,44
262,Zebulen,Domegan,zdomegan79@cnet.com,Male,26
263,Sherm,Hambric,shambric7a@soundcloud.com,Male,30
264,Melamie,Duesbury,mduesbury7b@elpais.com,Female,66
265,Ross,Lidyard,rlidyard7c@diigo.com,Male,64
266,Amalie,Sitch,asitch7d@statcounter.com,Bigender,17
267,Ethelred,Mc Carroll,emccarroll7e@gravatar.com,Male,69
268,Gilemette,Quartley,gquartley7f@scribd.com,Female,67
269,Hakim,Pipping,hpipping7g@sfgate.com,Male,98
270,Kathie,Tizzard,ktizzard7h@umn.edu,Female,25
271,Edythe,Braybrooke,ebraybrooke7i@bloglines.com,Female,81
272,Randolf,O'Moylane,romoylane7j@barnesandnoble.com,Male,40
273,Sabina,Keoghan,skeoghan7k@php.net,Female,63
274,Gennifer,Aymerich,gaymerich7l@paginegialle.it,Female,23
275,Westbrook,Riste,wriste7m@businesswire.com,Male,60
276,Bertrand,Khotler,bkhotler7n@gizmodo.com,Male,53
277,El,Crutchfield,ecrutchfield7o@drupal.org,Male,60
278,Raynard,O'Bradane,robradane7p@example.com,Male,34
279,Duky,Samworth,dsamworth7q@state.gov,Male,37
280,Friedrick,Felgat,ffelgat7r@twitpic.com,Male,63
281,Micheal,Tash,mtash7s@dyndns.org,Male,76
282,Catlee,Killich,ckillich7t@seesaa.net,Genderqueer,93
283,Arvie,Couves,acouves7u@ihg.com,Male,97
284,Vance,Benedyktowicz,vbenedyktowicz7v@nature.com,Male,59
285,Ola,Slym,oslym7w@boston.com,Female,74
286,Ernie,Cattell,ecattell7x@hugedomains.com,Male,91
287,Phelia,Trenoweth,ptrenoweth7y@phoca.cz,Female,61
288,Herculie,Seniour,hseniour7z@cam.ac.uk,Male,70
289,Ebenezer,Fedoronko,efedoronko80@wiley.com,Male,83
290,Hyacintha,Cotton,hcotton81@furl.net,Female,27
291,Quentin,Harber,qharber82@sourceforge.net,Male,59
292,Janifer,Malthouse,jmalthouse83@elegantthemes.com,Non-binary,20
293,Yves,Kocher,ykocher84@go.com,Male,50
294,Dalton,Bracco,dbracco85@dion.ne.jp,Male,76
295,Adair,Bernier,abernier86@sciencedaily.com,Male,89
296,Basilio,Hapgood,bhapgood87@samsung.com,Male,62
297,Carma,Say,csay88@abc.net.au,Female,84
298,Laney,Wafer,lwafer89@de.vu,Male,39
299,Cly,Bernardini,cbernardini8a@over-blog.com,Male,29
300,Chico,Levane,clevane8b@statcounter.com,Male,30
301,Evvie,Adger,eadger8c@utexas.edu,Female,27
302,Belia,Farrin,bfarrin8d@uiuc.edu,Female,90
303,Alma,Blakeston,ablakeston8e@wp.com,Female,88
304,Arabella,Foyle,afoyle8f@cafepress.com,Female,58
305,Gunter,Pinnock,gpinnock8g@alexa.com,Male,53
306,Jacki,Speirs,jspeirs8h@loc.gov,Female,36
307,Conchita,Espinha,cespinha8i@creativecommons.org,Female,40
308,Florrie,Surfleet,fsurfleet8j@oracle.com,Female,14
309,Linea,Haton,lhaton8k@jiathis.com,Female,80
310,Aurilia,Amori,aamori8l@msn.com,Female,50
311,Norry,Carme,ncarme8m@ucla.edu,Genderfluid,15
312,Owen,Secretan,osecretan8n@imdb.com,Male,86
313,Wenda,MacAdam,wmacadam8o@trellian.com,Female,65
314,Lori,Dixey,ldixey8p@phpbb.com,Female,42
315,Georgeta,Dik,gdik8q@ning.com,Female,82
316,Maribeth,Swafield,mswafield8r@diigo.com,Female,32
317,Kerk,Montford,kmontford8s@squarespace.com,Male,65
318,Winny,Larciere,wlarciere8t@sina.com.cn,Male,62
319,Pammy,Haldane,phaldane8u@forbes.com,Female,55
320,Cris,Meake,cmeake8v@naver.com,Male,15
321,Kat,O'Cannavan,kocannavan8w@tinyurl.com,Female,88
322,Deloris,Cookes,dcookes8x@thetimes.co.uk,Female,30
323,Kylynn,Kilban,kkilban8y@wikipedia.org,Female,61
324,Cheryl,Schottli,cschottli8z@house.gov,Female,42
325,Schuyler,Moran,smoran90@netvibes.com,Male,19
326,Charmion,Castellan,ccastellan91@princeton.edu,Female,86
327,Rubin,Roggers,rroggers92@craigslist.org,Male,84
328,Rayna,Dosdell,rdosdell93@nih.gov,Female,27
329,Micky,Balnaves,mbalnaves94@youku.com,Female,84
330,Wiley,Pigott,wpigott95@cbslocal.com,Male,31
331,Clemence,Allcott,callcott96@state.gov,Female,15
332,Inigo,Gillino,igillino97@businessweek.com,Male,58
333,Gilles,Aronovich,garonovich98@accuweather.com,Genderqueer,96
334,Sigfried,Shervil,sshervil99@disqus.com,Male,95
335,Yorgos,Roizin,yroizin9a@army.mil,Male,39
336,Aldric,Dinsmore,adinsmore9b@youtu.be,Male,100
337,Nicolette,Bleakley,nbleakley9c@storify.com,Female,97
338,Alric,O'Dare,aodare9d@ycombinator.com,Male,96
339,Steffi,Vanacci,svanacci9e@nymag.com,Female,42
340,Oralie,Havesides,ohavesides9f@pinterest.com,Female,47
341,Kennie,Boden,kboden9g@webs.com,Male,50
342,Bonny,Bicker,bbicker9h@lycos.com,Female,97
343,Stanleigh,Scathard,sscathard9i@youtu.be,Male,70
344,Mozes,Gumly,mgumly9j@symantec.com,Male,75
345,Latrena,Climance,lclimance9k@ezinearticles.com,Agender,73
346,Kaylil,Deverill,kdeverill9l@mtv.com,Female,79
347,Audrey,Spellacy,aspellacy9m@instagram.com,Female,43
348,Flory,Engelbrecht,fengelbrecht9n@va.gov,Female,47
349,Arabelle,Hingeley,ahingeley9o@list-manage.com,Female,19
350,Hailee,Fallowes,hfallowes9p@mozilla.org,Female,93
351,Nicolas,Whyler,nwhyler9q@ft.com,Male,28
352,Aigneis,Wanne,awanne9r@youtu.be,Female,17
353,Hercules,Richfield,hrichfield9s@chronoengine.com,Male,31
354,Mady,Pulbrook,mpulbrook9t@blog.com,Female,82
355,Dana,Trasler,dtrasler9u@skype.com,Male,58
356,Woody,Tibalt,wtibalt9v@blogs.com,Male,70
357,Florenza,Mixworthy,fmixworthy9w@hubpages.com,Female,13
358,Ellery,Undrill,eundrill9x@mozilla.com,Male,46
359,Honor,Danzig,hdanzig9y@lulu.com,Genderqueer,58
360,Michele,Buesden,mbuesden9z@flavors.me,Male,87
361,Sophi,Langdon,slangdona0@oakley.com,Female,87
362,Nappie,Rugge,nruggea1@bandcamp.com,Male,98
363,Liliane,Davitti,ldavittia2@biblegateway.com,Female,11
364,Letitia,Mobbs,lmobbsa3@gov.uk,Female,66
365,Merry,Hegley,mhegleya4@printfriendly.com,Male,21
366,Orlando,Bellsham,obellshama5@oracle.com,Male,55
367,Sterling,Tinman,stinmana6@businessinsider.com,Male,55
368,Shaun,Overton,sovertona7@kickstarter.com,Male,97
369,Cathie,Garwell,cgarwella8@printfriendly.com,Female,61
370,Rudolf,Stebbin,rstebbina9@apache.org,Agender,17
371,Trixi,Jakubiak,tjakubiakaa@ifeng.com,Female,31
372,Jodi,Cawston,jcawstonab@house.gov,Male,93
373,Gisela,Dolan,gdolanac@china.com.cn,Female,32
374,Nicole,Tuffley,ntuffleyad@oakley.com,Female,84
375,Gerek,Giraldo,ggiraldoae@xrea.com,Male,97
376,Charissa,Sidwick,csidwickaf@w3.org,Female,39
377,Homer,Crayker,hcraykerag@friendfeed.com,Male,55
378,Danila,Pasby,dpasbyah@wunderground.com,Female,14
379,Cathlene,Linguard,clinguardai@cnbc.com,Genderqueer,10
